customer_id,month,date,region,contract_type,plan_type,network_type,usage_gb,calls_made,arpu_inr,tenure_months,churn_flag,complaints
2001,2025-04,2025-04-08,Hyderabad,Prepaid,Unlimited,5G,57.9,168,1034,11,0,0
2002,2025-04,2025-04-26,Delhi,Postpaid,Basic,5G,6.8,108,252,38,1,1
2003,2025-04,2025-04-19,Delhi,Prepaid,Standard,4G,14.2,158,349,16,0,0
2004,2025-04,2025-04-04,Hyderabad,Prepaid,Unlimited,4G,72.3,142,899,7,0,0
2005,2025-04,2025-04-17,Chennai,Corporate,Standard,4G,5.2,142,436,7,0,1
2006,2025-04,2025-04-18,Mumbai,Prepaid,Standard,4G,12.8,141,349,42,0,0
2007,2025-04,2025-04-25,Mumbai,Postpaid,Unlimited,5G,57.9,129,1137,18,0,0
2008,2025-04,2025-04-01,Mumbai,Prepaid,Standard,4G,17.0,100,349,1,1,0
2009,2025-04,2025-04-07,Hyderabad,Prepaid,Basic,5G,5.9,164,229,5,0,0
2010,2025-04,2025-04-22,Delhi,Postpaid,Standard,4G,10.6,217,384,24,0,0
2011,2025-04,2025-04-15,Hyderabad,Postpaid,Standard,4G,15.7,198,384,14,0,0
2012,2025-04,2025-04-05,Hyderabad,Prepaid,Standard,4G,18.4,256,349,49,0,0
2013,2025-04,2025-04-25,Bengaluru,Prepaid,Standard,5G,8.4,169,401,22,0,0
2014,2025-04,2025-04-25,Delhi,Prepaid,Standard,4G,11.2,158,349,11,0,0
2015,2025-04,2025-04-05,Bengaluru,Prepaid,Basic,4G,4.0,134,199,39,1,0
2016,2025-04,2025-04-17,Kolkata,Postpaid,Basic,4G,2.2,133,219,32,0,0
2017,2025-04,2025-04-02,Delhi,Prepaid,Basic,4G,5.9,82,199,56,1,0
2018,2025-04,2025-04-06,Delhi,Prepaid,Basic,4G,5.4,142,199,2,0,0
2019,2025-04,2025-04-16,Delhi,Prepaid,Standard,5G,8.6,139,401,52,0,0
2020,2025-04,2025-04-19,Mumbai,Postpaid,Basic,4G,5.9,189,219,3,0,0
2021,2025-04,2025-04-25,Mumbai,Postpaid,Premium,4G,17.9,172,659,39,0,0
2022,2025-04,2025-04-17,Bengaluru,Prepaid,Unlimited,5G,39.2,210,1034,16,0,0
2023,2025-04,2025-04-22,Bengaluru,Prepaid,Basic,5G,7.3,47,229,35,0,1
2024,2025-04,2025-04-16,Delhi,Postpaid,Standard,4G,7.4,239,384,38,0,0
2025,2025-04,2025-04-04,Bengaluru,Prepaid,Standard,4G,7.4,273,349,16,0,0
2026,2025-04,2025-04-16,Mumbai,Prepaid,Basic,5G,5.5,143,229,7,0,0
2027,2025-04,2025-04-21,Hyderabad,Prepaid,Standard,4G,8.7,176,349,54,0,0
2028,2025-04,2025-04-17,Hyderabad,Prepaid,Standard,4G,7.9,197,349,48,0,0
2029,2025-04,2025-04-21,Hyderabad,Prepaid,Unlimited,4G,40.4,196,899,37,0,0
2030,2025-04,2025-04-18,Bengaluru,Postpaid,Unlimited,4G,41.8,205,989,32,0,0
2031,2025-04,2025-04-10,Kolkata,Postpaid,Unlimited,4G,56.4,191,989,22,0,0
2032,2025-04,2025-04-26,Mumbai,Postpaid,Premium,4G,36.1,139,659,48,0,0
2033,2025-04,2025-04-14,Kolkata,Postpaid,Premium,5G,30.3,251,758,1,1,0
2034,2025-04,2025-04-26,Bengaluru,Postpaid,Basic,4G,1.7,120,219,23,0,0
2035,2025-04,2025-04-12,Chennai,Prepaid,Basic,4G,1.2,75,199,33,0,0
2036,2025-04,2025-04-16,Pune,Postpaid,Basic,4G,4.7,103,219,47,0,0
2037,2025-04,2025-04-23,Pune,Corporate,Standard,4G,16.9,157,436,55,0,0
2038,2025-04,2025-04-16,Delhi,Prepaid,Standard,4G,18.7,96,349,47,0,0
2039,2025-04,2025-04-16,Pune,Prepaid,Unlimited,4G,53.4,140,899,29,0,0
2040,2025-04,2025-04-12,Pune,Prepaid,Basic,4G,1.6,216,199,47,1,1
2041,2025-04,2025-04-02,Mumbai,Prepaid,Premium,5G,25.4,285,689,58,0,0
2042,2025-04,2025-04-24,Hyderabad,Prepaid,Basic,5G,4.5,95,229,56,0,0
2043,2025-04,2025-04-19,Kolkata,Corporate,Unlimited,5G,60.0,210,1292,35,0,0
2044,2025-04,2025-04-14,Chennai,Postpaid,Standard,5G,14.8,231,441,43,0,0
2045,2025-04,2025-04-07,Chennai,Prepaid,Basic,4G,1.5,164,199,26,0,0
2046,2025-04,2025-04-05,Mumbai,Prepaid,Standard,4G,18.2,156,349,36,0,1
2047,2025-04,2025-04-12,Mumbai,Postpaid,Premium,5G,27.4,243,758,24,0,0
2048,2025-04,2025-04-25,Pune,Prepaid,Premium,5G,18.1,150,689,17,0,0
2049,2025-04,2025-04-21,Chennai,Prepaid,Premium,4G,15.3,196,599,52,0,0
2050,2025-04,2025-04-10,Delhi,Prepaid,Standard,4G,8.2,173,349,53,0,1
2051,2025-04,2025-04-12,Delhi,Corporate,Unlimited,4G,65.5,270,1124,47,0,0
2052,2025-04,2025-04-05,Kolkata,Postpaid,Premium,4G,21.7,200,659,9,0,0
2053,2025-04,2025-04-06,Delhi,Prepaid,Basic,4G,7.0,104,199,7,0,0
2054,2025-04,2025-04-03,Chennai,Postpaid,Standard,4G,15.6,202,384,10,0,0
2055,2025-04,2025-04-25,Pune,Prepaid,Standard,4G,16.1,212,349,39,0,0
2056,2025-04,2025-04-15,Chennai,Prepaid,Basic,5G,2.6,146,229,6,0,1
2057,2025-04,2025-04-15,Bengaluru,Postpaid,Standard,5G,6.1,203,441,18,0,0
2058,2025-04,2025-04-06,Chennai,Prepaid,Standard,4G,18.5,182,349,57,0,1
2059,2025-04,2025-04-04,Pune,Prepaid,Standard,4G,7.8,73,349,50,0,0
2060,2025-04,2025-04-13,Delhi,Corporate,Standard,4G,9.6,153,436,20,0,0
2001,2025-05,2025-05-05,Hyderabad,Corporate,Premium,5G,36.8,113,861,56,0,0
2002,2025-05,2025-05-25,Kolkata,Prepaid,Standard,5G,19.8,271,401,49,0,0
2003,2025-05,2025-05-05,Bengaluru,Corporate,Premium,5G,29.1,100,861,48,0,0
2004,2025-05,2025-05-21,Delhi,Corporate,Unlimited,4G,67.3,150,1124,37,0,0
2005,2025-05,2025-05-07,Kolkata,Prepaid,Basic,5G,5.2,155,229,32,1,0
2006,2025-05,2025-05-27,Delhi,Postpaid,Standard,5G,12.8,123,441,12,0,1
2007,2025-05,2025-05-02,Bengaluru,Prepaid,Basic,4G,6.3,194,199,51,0,0
2008,2025-05,2025-05-24,Chennai,Prepaid,Standard,4G,11.6,223,349,34,0,0
2009,2025-05,2025-05-24,Pune,Corporate,Basic,4G,5.9,110,249,17,0,0
2010,2025-05,2025-05-25,Hyderabad,Prepaid,Standard,4G,8.1,250,349,43,0,0
2011,2025-05,2025-05-18,Bengaluru,Prepaid,Standard,4G,15.5,208,349,25,0,0
2012,2025-05,2025-05-01,Pune,Postpaid,Basic,5G,3.4,74,252,42,1,0
2013,2025-05,2025-05-15,Chennai,Prepaid,Standard,5G,6.9,119,401,26,0,0
2014,2025-05,2025-05-20,Bengaluru,Prepaid,Basic,4G,1.0,61,199,36,0,0
2015,2025-05,2025-05-19,Mumbai,Prepaid,Standard,4G,14.3,148,349,45,1,0
2016,2025-05,2025-05-19,Hyderabad,Postpaid,Premium,4G,31.0,70,659,45,0,0
2017,2025-05,2025-05-13,Delhi,Prepaid,Basic,4G,1.1,66,199,26,0,0
2018,2025-05,2025-05-15,Delhi,Postpaid,Standard,5G,12.5,147,441,47,0,0
2019,2025-05,2025-05-06,Hyderabad,Postpaid,Standard,4G,9.3,249,384,34,0,0
2020,2025-05,2025-05-24,Mumbai,Postpaid,Basic,4G,2.1,54,219,55,0,1
2021,2025-05,2025-05-06,Pune,Postpaid,Basic,4G,3.9,139,219,4,1,1
2022,2025-05,2025-05-26,Chennai,Postpaid,Unlimited,4G,56.4,175,989,51,0,0
2023,2025-05,2025-05-04,Delhi,Prepaid,Standard,4G,8.6,192,349,38,0,0
2024,2025-05,2025-05-02,Pune,Prepaid,Standard,4G,11.8,134,349,5,1,1
2025,2025-05,2025-05-12,Mumbai,Prepaid,Basic,4G,1.8,239,199,35,0,1
2026,2025-05,2025-05-22,Pune,Prepaid,Unlimited,5G,36.3,149,1034,35,0,0
2027,2025-05,2025-05-26,Delhi,Prepaid,Premium,5G,37.5,205,689,37,0,0
2028,2025-05,2025-05-19,Kolkata,Corporate,Basic,4G,5.8,143,249,8,0,0
2029,2025-05,2025-05-19,Chennai,Postpaid,Standard,4G,13.7,119,384,2,0,1
2030,2025-05,2025-05-20,Kolkata,Prepaid,Basic,5G,5.9,39,229,52,0,0
2031,2025-05,2025-05-10,Hyderabad,Postpaid,Standard,5G,16.3,228,441,33,1,0
2032,2025-05,2025-05-24,Pune,Prepaid,Premium,4G,31.1,216,599,47,0,0
2033,2025-05,2025-05-11,Chennai,Prepaid,Standard,4G,11.1,246,349,26,0,0
2034,2025-05,2025-05-13,Mumbai,Corporate,Basic,4G,4.0,219,249,26,0,0
2035,2025-05,2025-05-10,Chennai,Prepaid,Basic,4G,6.1,76,199,48,0,1
2036,2025-05,2025-05-14,Chennai,Postpaid,Standard,4G,6.2,190,384,14,0,1
2037,2025-05,2025-05-09,Mumbai,Prepaid,Basic,4G,6.9,58,199,51,0,0
2038,2025-05,2025-05-11,Hyderabad,Postpaid,Basic,5G,5.2,65,252,35,0,0
2039,2025-05,2025-05-07,Chennai,Corporate,Standard,4G,18.8,157,436,59,0,0
2040,2025-05,2025-05-21,Hyderabad,Prepaid,Basic,4G,6.5,124,199,43,0,0
2041,2025-05,2025-05-13,Hyderabad,Prepaid,Unlimited,4G,55.7,185,899,40,0,0
2042,2025-05,2025-05-16,Hyderabad,Prepaid,Standard,5G,10.2,236,401,30,0,0
2043,2025-05,2025-05-04,Delhi,Postpaid,Basic,5G,4.2,0,252,50,0,0
2044,2025-05,2025-05-01,Bengaluru,Prepaid,Premium,5G,26.2,234,689,10,0,0
2045,2025-05,2025-05-01,Hyderabad,Prepaid,Basic,5G,5.6,156,229,8,1,1
2046,2025-05,2025-05-04,Mumbai,Postpaid,Premium,5G,44.7,123,758,32,0,0
2047,2025-05,2025-05-19,Bengaluru,Corporate,Basic,4G,3.3,131,249,33,0,0
2048,2025-05,2025-05-23,Hyderabad,Postpaid,Standard,5G,17.3,144,441,20,0,1
2049,2025-05,2025-05-24,Mumbai,Prepaid,Standard,4G,13.3,92,349,52,0,1
2050,2025-05,2025-05-13,Mumbai,Corporate,Standard,4G,12.3,152,436,17,0,0
2051,2025-05,2025-05-04,Kolkata,Prepaid,Basic,4G,4.0,175,199,6,0,0
2052,2025-05,2025-05-21,Kolkata,Prepaid,Basic,4G,4.5,177,199,12,0,0
2053,2025-05,2025-05-26,Chennai,Prepaid,Basic,5G,2.8,115,229,10,0,0
2054,2025-05,2025-05-21,Hyderabad,Prepaid,Standard,5G,7.8,294,401,53,0,0
2055,2025-05,2025-05-01,Hyderabad,Postpaid,Standard,5G,15.8,207,441,55,0,1
2056,2025-05,2025-05-02,Bengaluru,Prepaid,Standard,4G,17.6,186,349,17,0,0
2057,2025-05,2025-05-03,Mumbai,Postpaid,Standard,4G,10.3,262,384,40,0,0
2058,2025-05,2025-05-27,Hyderabad,Prepaid,Basic,5G,1.0,84,229,12,0,0
2059,2025-05,2025-05-06,Chennai,Corporate,Premium,4G,30.6,214,749,17,0,0
2060,2025-05,2025-05-10,Pune,Corporate,Unlimited,4G,63.1,244,1124,41,0,0
2001,2025-06,2025-06-18,Pune,Postpaid,Unlimited,4G,51.0,143,989,7,0,2
2002,2025-06,2025-06-03,Pune,Postpaid,Basic,4G,4.7,101,219,39,1,0
2003,2025-06,2025-06-22,Delhi,Postpaid,Standard,5G,13.0,75,441,39,0,0
2004,2025-06,2025-06-23,Mumbai,Prepaid,Standard,5G,14.2,115,401,2,1,1
2005,2025-06,2025-06-25,Pune,Prepaid,Standard,5G,6.1,309,401,44,0,0
2006,2025-06,2025-06-04,Delhi,Prepaid,Standard,5G,5.1,147,401,45,0,0
2007,2025-06,2025-06-06,Pune,Postpaid,Standard,4G,18.7,132,384,59,0,1
2008,2025-06,2025-06-20,Chennai,Corporate,Premium,4G,42.1,166,749,34,0,1
2009,2025-06,2025-06-05,Kolkata,Postpaid,Basic,5G,1.8,113,252,41,1,1
2010,2025-06,2025-06-18,Chennai,Postpaid,Basic,4G,5.2,94,219,49,1,0
2011,2025-06,2025-06-02,Delhi,Prepaid,Unlimited,5G,50.5,248,1034,25,0,0
2012,2025-06,2025-06-08,Mumbai,Prepaid,Standard,4G,12.2,214,349,3,0,1
2013,2025-06,2025-06-05,Bengaluru,Corporate,Premium,4G,22.6,182,749,37,0,0
2014,2025-06,2025-06-02,Hyderabad,Corporate,Basic,5G,4.6,88,286,51,0,0
2015,2025-06,2025-06-11,Chennai,Prepaid,Premium,5G,30.6,161,689,59,0,0
2016,2025-06,2025-06-23,Mumbai,Prepaid,Unlimited,4G,63.4,207,899,7,0,1
2017,2025-06,2025-06-17,Hyderabad,Prepaid,Premium,4G,42.3,139,599,2,0,0
2018,2025-06,2025-06-07,Kolkata,Postpaid,Basic,4G,1.1,163,219,45,0,0
2019,2025-06,2025-06-12,Kolkata,Prepaid,Unlimited,4G,59.8,188,899,50,0,0
2020,2025-06,2025-06-12,Hyderabad,Prepaid,Standard,4G,14.3,200,349,59,0,1
2021,2025-06,2025-06-02,Kolkata,Postpaid,Basic,5G,1.2,198,252,58,1,0
2022,2025-06,2025-06-02,Mumbai,Corporate,Standard,4G,7.5,176,436,55,0,0
2023,2025-06,2025-06-25,Chennai,Postpaid,Basic,4G,7.1,141,219,37,0,0
2024,2025-06,2025-06-25,Mumbai,Prepaid,Basic,4G,6.1,132,199,34,0,0
2025,2025-06,2025-06-14,Mumbai,Postpaid,Standard,4G,13.1,159,384,29,0,0
2026,2025-06,2025-06-14,Hyderabad,Prepaid,Basic,5G,3.1,95,229,24,0,0
2027,2025-06,2025-06-22,Bengaluru,Prepaid,Basic,4G,5.3,138,199,48,0,0
2028,2025-06,2025-06-18,Bengaluru,Prepaid,Standard,4G,19.8,101,349,17,1,0
2029,2025-06,2025-06-09,Chennai,Prepaid,Standard,4G,15.4,198,349,8,0,0
2030,2025-06,2025-06-08,Hyderabad,Prepaid,Unlimited,4G,52.4,203,899,22,0,0
2031,2025-06,2025-06-06,Bengaluru,Prepaid,Basic,4G,1.6,106,199,52,0,0
2032,2025-06,2025-06-27,Kolkata,Postpaid,Standard,5G,8.0,175,441,55,0,1
2033,2025-06,2025-06-15,Bengaluru,Prepaid,Unlimited,4G,54.8,214,899,50,0,0
2034,2025-06,2025-06-09,Kolkata,Postpaid,Basic,5G,4.8,139,252,58,0,0
2035,2025-06,2025-06-08,Chennai,Prepaid,Standard,5G,13.9,165,401,51,0,1
2036,2025-06,2025-06-24,Mumbai,Postpaid,Standard,4G,7.4,288,384,6,0,0
2037,2025-06,2025-06-24,Mumbai,Corporate,Standard,4G,15.2,167,436,30,0,0
2038,2025-06,2025-06-09,Bengaluru,Prepaid,Basic,4G,7.9,36,199,24,0,0
2039,2025-06,2025-06-12,Kolkata,Prepaid,Premium,4G,41.2,171,599,42,0,0
2040,2025-06,2025-06-12,Delhi,Prepaid,Standard,5G,8.5,224,401,26,0,1
2041,2025-06,2025-06-20,Pune,Prepaid,Standard,4G,6.0,135,349,47,0,0
2042,2025-06,2025-06-01,Delhi,Postpaid,Basic,4G,7.8,113,219,2,0,0
2043,2025-06,2025-06-05,Pune,Postpaid,Basic,5G,4.2,123,252,10,0,0
2044,2025-06,2025-06-15,Delhi,Prepaid,Standard,5G,7.5,115,401,20,0,0
2045,2025-06,2025-06-14,Mumbai,Postpaid,Standard,5G,17.1,231,441,44,0,0
2046,2025-06,2025-06-27,Hyderabad,Prepaid,Standard,5G,5.6,191,401,55,0,0
2047,2025-06,2025-06-23,Mumbai,Prepaid,Standard,4G,7.2,225,349,31,0,0
2048,2025-06,2025-06-08,Pune,Postpaid,Basic,4G,3.2,137,219,16,0,0
2049,2025-06,2025-06-18,Hyderabad,Corporate,Basic,4G,4.1,110,249,34,0,1
2050,2025-06,2025-06-01,Kolkata,Prepaid,Premium,5G,38.1,190,689,27,0,0
2051,2025-06,2025-06-09,Bengaluru,Postpaid,Unlimited,5G,61.7,87,1137,2,0,0
2052,2025-06,2025-06-14,Delhi,Postpaid,Unlimited,5G,30.0,227,1137,31,0,1
2053,2025-06,2025-06-25,Kolkata,Corporate,Standard,5G,18.2,219,502,1,0,0
2054,2025-06,2025-06-17,Kolkata,Prepaid,Standard,4G,13.5,160,349,19,0,0
2055,2025-06,2025-06-26,Bengaluru,Prepaid,Standard,4G,13.8,202,349,2,0,0
2056,2025-06,2025-06-05,Kolkata,Corporate,Premium,5G,39.4,127,861,25,0,0
2057,2025-06,2025-06-23,Bengaluru,Prepaid,Standard,4G,13.2,222,349,43,1,0
2058,2025-06,2025-06-02,Chennai,Postpaid,Basic,5G,5.6,168,252,51,1,1
2059,2025-06,2025-06-18,Bengaluru,Prepaid,Standard,4G,15.1,182,349,8,0,0
2060,2025-06,2025-06-13,Pune,Prepaid,Unlimited,5G,53.7,218,1034,7,0,0
2001,2025-07,2025-07-24,Delhi,Prepaid,Basic,5G,2.3,112,229,54,0,0
2002,2025-07,2025-07-09,Hyderabad,Prepaid,Basic,4G,5.5,159,199,21,0,0
2003,2025-07,2025-07-19,Hyderabad,Postpaid,Basic,4G,7.3,135,219,27,0,0
2004,2025-07,2025-07-15,Delhi,Postpaid,Standard,5G,16.5,255,441,10,0,0
2005,2025-07,2025-07-10,Hyderabad,Prepaid,Premium,4G,31.1,152,599,35,0,0
2006,2025-07,2025-07-10,Bengaluru,Prepaid,Standard,4G,7.1,133,349,35,0,0
2007,2025-07,2025-07-05,Pune,Prepaid,Premium,4G,44.7,208,599,39,0,0
2008,2025-07,2025-07-02,Chennai,Postpaid,Basic,4G,2.6,201,219,41,0,0
2009,2025-07,2025-07-06,Pune,Postpaid,Basic,4G,2.9,204,219,44,0,0
2010,2025-07,2025-07-12,Hyderabad,Prepaid,Standard,4G,19.9,223,349,23,0,0
2011,2025-07,2025-07-17,Chennai,Prepaid,Unlimited,4G,66.5,163,899,30,0,0
2012,2025-07,2025-07-05,Delhi,Prepaid,Unlimited,4G,46.0,120,899,23,0,0
2013,2025-07,2025-07-16,Chennai,Postpaid,Premium,4G,35.1,168,659,8,0,0
2014,2025-07,2025-07-21,Kolkata,Prepaid,Basic,4G,1.8,100,199,23,0,0
2015,2025-07,2025-07-22,Mumbai,Prepaid,Basic,4G,6.8,129,199,18,0,1
2016,2025-07,2025-07-24,Kolkata,Postpaid,Standard,4G,11.0,175,384,38,0,0
2017,2025-07,2025-07-18,Delhi,Prepaid,Premium,4G,21.4,152,599,35,0,0
2018,2025-07,2025-07-01,Hyderabad,Corporate,Standard,5G,13.6,229,502,54,0,0
2019,2025-07,2025-07-04,Hyderabad,Postpaid,Premium,4G,30.1,126,659,53,0,0
2020,2025-07,2025-07-06,Chennai,Prepaid,Unlimited,4G,78.1,164,899,32,0,1
2021,2025-07,2025-07-11,Bengaluru,Prepaid,Basic,4G,3.6,177,199,34,0,0
2022,2025-07,2025-07-14,Pune,Postpaid,Standard,4G,11.5,79,384,9,0,0
2023,2025-07,2025-07-05,Mumbai,Prepaid,Standard,4G,12.6,103,349,52,0,1
2024,2025-07,2025-07-22,Bengaluru,Postpaid,Standard,4G,10.5,225,384,28,0,0
2025,2025-07,2025-07-01,Delhi,Corporate,Basic,4G,3.9,139,249,23,1,0
2026,2025-07,2025-07-03,Pune,Prepaid,Premium,4G,21.0,248,599,37,0,0
2027,2025-07,2025-07-20,Hyderabad,Prepaid,Standard,4G,9.0,160,349,18,0,0
2028,2025-07,2025-07-16,Chennai,Postpaid,Standard,5G,7.0,207,441,17,0,1
2029,2025-07,2025-07-17,Pune,Prepaid,Premium,4G,42.1,287,599,34,0,0
2030,2025-07,2025-07-08,Hyderabad,Postpaid,Basic,4G,2.1,89,219,32,0,0
2031,2025-07,2025-07-19,Bengaluru,Prepaid,Basic,5G,1.5,52,229,11,0,1
2032,2025-07,2025-07-17,Bengaluru,Prepaid,Basic,4G,6.4,71,199,10,1,0
2033,2025-07,2025-07-26,Mumbai,Prepaid,Premium,4G,26.5,163,599,4,0,0
2034,2025-07,2025-07-21,Mumbai,Prepaid,Premium,4G,18.8,167,599,27,0,0
2035,2025-07,2025-07-25,Chennai,Corporate,Standard,4G,7.3,138,436,40,0,0
2036,2025-07,2025-07-03,Pune,Prepaid,Basic,5G,5.7,130,229,51,0,0
2037,2025-07,2025-07-14,Mumbai,Postpaid,Basic,5G,2.8,226,252,21,0,0
2038,2025-07,2025-07-13,Bengaluru,Postpaid,Standard,4G,13.2,214,384,43,0,0
2039,2025-07,2025-07-05,Pune,Prepaid,Basic,5G,6.7,121,229,24,0,0
2040,2025-07,2025-07-25,Bengaluru,Postpaid,Standard,4G,13.5,105,384,29,1,0
2041,2025-07,2025-07-10,Delhi,Postpaid,Basic,4G,1.1,161,219,1,0,0
2042,2025-07,2025-07-13,Bengaluru,Postpaid,Basic,5G,6.7,73,252,27,0,0
2043,2025-07,2025-07-23,Chennai,Prepaid,Standard,5G,17.6,221,401,20,0,0
2044,2025-07,2025-07-05,Kolkata,Prepaid,Standard,4G,10.8,219,349,4,0,1
2045,2025-07,2025-07-04,Delhi,Postpaid,Basic,4G,1.2,100,219,45,1,0
2046,2025-07,2025-07-02,Delhi,Prepaid,Premium,4G,21.8,159,599,52,0,0
2047,2025-07,2025-07-04,Chennai,Postpaid,Standard,4G,9.8,130,384,24,0,1
2048,2025-07,2025-07-17,Pune,Prepaid,Standard,4G,9.9,199,349,55,0,0
2049,2025-07,2025-07-15,Pune,Postpaid,Premium,5G,43.0,128,758,4,0,0
2050,2025-07,2025-07-10,Chennai,Prepaid,Premium,4G,32.2,272,599,16,0,0
2051,2025-07,2025-07-03,Mumbai,Prepaid,Basic,4G,6.8,127,199,45,0,0
2052,2025-07,2025-07-26,Delhi,Prepaid,Premium,5G,20.6,91,689,49,0,1
2053,2025-07,2025-07-25,Mumbai,Prepaid,Premium,4G,28.1,225,599,54,0,0
2054,2025-07,2025-07-07,Bengaluru,Postpaid,Standard,5G,6.0,218,441,44,1,0
2055,2025-07,2025-07-04,Delhi,Prepaid,Unlimited,4G,40.0,164,899,13,0,0
2056,2025-07,2025-07-06,Delhi,Prepaid,Basic,5G,2.0,198,229,4,0,0
2057,2025-07,2025-07-05,Hyderabad,Postpaid,Basic,4G,7.7,155,219,42,0,1
2058,2025-07,2025-07-21,Kolkata,Corporate,Basic,4G,2.4,124,249,24,0,0
2059,2025-07,2025-07-24,Pune,Postpaid,Basic,4G,2.1,83,219,7,0,0
2060,2025-07,2025-07-14,Delhi,Prepaid,Premium,5G,17.0,139,689,22,0,0
2001,2025-08,2025-08-07,Pune,Prepaid,Standard,4G,19.2,201,349,34,0,0
2002,2025-08,2025-08-07,Bengaluru,Prepaid,Basic,4G,6.6,165,199,10,0,1
2003,2025-08,2025-08-26,Pune,Postpaid,Standard,5G,16.3,131,441,14,0,0
2004,2025-08,2025-08-20,Mumbai,Postpaid,Standard,4G,6.4,202,384,3,0,0
2005,2025-08,2025-08-24,Mumbai,Postpaid,Standard,4G,11.0,173,384,11,0,0
2006,2025-08,2025-08-10,Hyderabad,Prepaid,Premium,4G,24.4,136,599,9,0,1
2007,2025-08,2025-08-01,Kolkata,Prepaid,Standard,4G,14.2,219,349,43,0,0
2008,2025-08,2025-08-22,Bengaluru,Prepaid,Standard,5G,17.3,166,401,37,0,0
2009,2025-08,2025-08-04,Mumbai,Postpaid,Basic,5G,3.2,119,252,53,0,0
2010,2025-08,2025-08-25,Chennai,Corporate,Unlimited,4G,32.1,195,1124,5,0,0
2011,2025-08,2025-08-12,Bengaluru,Postpaid,Basic,4G,7.8,57,219,38,0,0
2012,2025-08,2025-08-26,Pune,Corporate,Unlimited,4G,42.3,129,1124,24,0,0
2013,2025-08,2025-08-25,Bengaluru,Prepaid,Basic,4G,6.0,162,199,51,0,0
2014,2025-08,2025-08-20,Kolkata,Prepaid,Standard,5G,17.1,171,401,30,0,0
2015,2025-08,2025-08-03,Mumbai,Postpaid,Basic,4G,1.0,73,219,20,1,1
2016,2025-08,2025-08-20,Bengaluru,Postpaid,Standard,4G,8.2,205,384,35,0,0
2017,2025-08,2025-08-27,Pune,Corporate,Premium,5G,38.7,119,861,33,0,0
2018,2025-08,2025-08-14,Hyderabad,Prepaid,Standard,4G,18.0,221,349,8,0,0
2019,2025-08,2025-08-27,Hyderabad,Prepaid,Basic,4G,1.2,147,199,28,1,1
2020,2025-08,2025-08-08,Mumbai,Postpaid,Standard,4G,11.7,224,384,56,0,0
2021,2025-08,2025-08-09,Hyderabad,Prepaid,Basic,4G,3.0,157,199,41,1,1
2022,2025-08,2025-08-03,Chennai,Prepaid,Basic,5G,5.4,75,229,16,0,1
2023,2025-08,2025-08-09,Kolkata,Prepaid,Premium,4G,34.8,139,599,44,0,0
2024,2025-08,2025-08-22,Hyderabad,Postpaid,Premium,5G,32.2,144,758,45,0,0
2025,2025-08,2025-08-19,Hyderabad,Prepaid,Premium,4G,41.8,285,599,51,0,0
2026,2025-08,2025-08-24,Chennai,Prepaid,Standard,4G,10.8,124,349,45,0,0
2027,2025-08,2025-08-27,Kolkata,Postpaid,Premium,4G,34.0,174,659,17,1,0
2028,2025-08,2025-08-16,Bengaluru,Prepaid,Basic,5G,3.3,110,229,49,0,0
2029,2025-08,2025-08-22,Kolkata,Prepaid,Basic,4G,1.0,174,199,49,1,0
2030,2025-08,2025-08-07,Delhi,Corporate,Standard,4G,14.3,151,436,24,0,1
2031,2025-08,2025-08-13,Mumbai,Prepaid,Premium,5G,18.9,144,689,44,0,1
2032,2025-08,2025-08-13,Mumbai,Postpaid,Basic,5G,7.7,44,252,58,0,1
2033,2025-08,2025-08-08,Delhi,Postpaid,Basic,5G,2.8,173,252,36,0,0
2034,2025-08,2025-08-10,Chennai,Postpaid,Basic,4G,3.5,149,219,39,0,0
2035,2025-08,2025-08-21,Delhi,Prepaid,Standard,4G,14.5,190,349,28,0,0
2036,2025-08,2025-08-11,Bengaluru,Corporate,Basic,4G,2.0,157,249,17,0,0
2037,2025-08,2025-08-21,Bengaluru,Prepaid,Standard,4G,6.8,82,349,23,0,0
2038,2025-08,2025-08-12,Mumbai,Postpaid,Standard,4G,9.1,216,384,53,0,0
2039,2025-08,2025-08-22,Bengaluru,Postpaid,Premium,5G,42.5,89,758,48,1,0
2040,2025-08,2025-08-01,Mumbai,Postpaid,Standard,4G,7.5,145,384,37,0,0
2041,2025-08,2025-08-17,Delhi,Prepaid,Basic,4G,5.5,49,199,31,0,0
2042,2025-08,2025-08-17,Delhi,Postpaid,Standard,4G,8.3,240,384,12,0,0
2043,2025-08,2025-08-19,Hyderabad,Prepaid,Standard,4G,12.6,174,349,27,0,1
2044,2025-08,2025-08-05,Hyderabad,Prepaid,Premium,4G,23.7,200,599,37,0,0
2045,2025-08,2025-08-05,Delhi,Prepaid,Standard,5G,13.2,190,401,52,1,1
2046,2025-08,2025-08-02,Mumbai,Prepaid,Standard,4G,16.4,141,349,59,0,0
2047,2025-08,2025-08-02,Delhi,Prepaid,Basic,4G,3.4,21,199,28,0,1
2048,2025-08,2025-08-07,Delhi,Prepaid,Standard,5G,18.2,217,401,40,0,1
2049,2025-08,2025-08-22,Pune,Prepaid,Basic,4G,4.8,132,199,45,0,0
2050,2025-08,2025-08-12,Chennai,Postpaid,Basic,5G,2.9,143,252,46,1,2
2051,2025-08,2025-08-25,Delhi,Prepaid,Premium,4G,26.3,134,599,24,0,0
2052,2025-08,2025-08-04,Bengaluru,Prepaid,Premium,5G,28.7,147,689,28,0,0
2053,2025-08,2025-08-15,Mumbai,Postpaid,Standard,5G,5.9,128,441,38,0,0
2054,2025-08,2025-08-21,Chennai,Postpaid,Unlimited,4G,51.2,140,989,29,1,1
2055,2025-08,2025-08-05,Hyderabad,Prepaid,Premium,4G,21.3,153,599,7,1,0
2056,2025-08,2025-08-08,Kolkata,Postpaid,Basic,5G,6.4,162,252,9,0,1
2057,2025-08,2025-08-19,Mumbai,Prepaid,Premium,4G,35.6,285,599,13,0,0
2058,2025-08,2025-08-02,Bengaluru,Prepaid,Basic,4G,4.5,159,199,42,0,0
2059,2025-08,2025-08-22,Mumbai,Prepaid,Standard,4G,8.5,223,349,14,0,0
2060,2025-08,2025-08-19,Hyderabad,Prepaid,Standard,4G,14.6,148,349,53,1,0
2001,2025-09,2025-09-18,Bengaluru,Postpaid,Basic,5G,4.5,229,252,8,0,0
2002,2025-09,2025-09-27,Bengaluru,Prepaid,Premium,5G,39.1,115,689,22,0,0
2003,2025-09,2025-09-25,Kolkata,Postpaid,Basic,4G,3.0,136,219,11,0,0
2004,2025-09,2025-09-08,Mumbai,Prepaid,Standard,4G,9.1,132,349,38,0,0
2005,2025-09,2025-09-18,Pune,Prepaid,Basic,5G,3.2,106,229,19,0,1
2006,2025-09,2025-09-23,Kolkata,Postpaid,Standard,5G,10.7,141,441,12,0,0
2007,2025-09,2025-09-04,Pune,Prepaid,Standard,4G,15.6,228,349,33,0,0
2008,2025-09,2025-09-22,Kolkata,Postpaid,Basic,4G,6.5,181,219,12,0,0
2009,2025-09,2025-09-05,Mumbai,Corporate,Standard,4G,11.9,152,436,44,1,1
2010,2025-09,2025-09-04,Delhi,Postpaid,Premium,4G,34.7,118,659,11,0,0
2011,2025-09,2025-09-08,Delhi,Postpaid,Standard,4G,7.0,243,384,28,0,0
2012,2025-09,2025-09-10,Hyderabad,Prepaid,Standard,4G,5.6,220,349,13,1,0
2013,2025-09,2025-09-17,Kolkata,Prepaid,Basic,4G,2.7,128,199,35,0,0
2014,2025-09,2025-09-20,Chennai,Corporate,Basic,5G,7.1,124,286,58,0,0
2015,2025-09,2025-09-06,Kolkata,Prepaid,Basic,4G,1.9,131,199,42,0,1
2016,2025-09,2025-09-16,Kolkata,Prepaid,Basic,4G,6.2,174,199,7,0,0
2017,2025-09,2025-09-22,Kolkata,Postpaid,Standard,4G,18.2,205,384,8,0,1
2018,2025-09,2025-09-23,Pune,Prepaid,Premium,5G,43.1,277,689,34,0,0
2019,2025-09,2025-09-09,Hyderabad,Postpaid,Standard,5G,8.6,286,441,11,0,0
2020,2025-09,2025-09-11,Delhi,Prepaid,Premium,4G,41.9,201,599,25,0,0
2021,2025-09,2025-09-25,Hyderabad,Corporate,Standard,5G,7.5,236,502,47,0,0
2022,2025-09,2025-09-24,Hyderabad,Postpaid,Premium,4G,19.4,205,659,5,0,0
2023,2025-09,2025-09-14,Hyderabad,Prepaid,Unlimited,4G,38.3,281,899,5,0,1
2024,2025-09,2025-09-17,Delhi,Prepaid,Standard,4G,7.5,180,349,29,0,1
2025,2025-09,2025-09-06,Delhi,Corporate,Premium,5G,22.3,100,861,25,0,0
2026,2025-09,2025-09-11,Kolkata,Postpaid,Unlimited,4G,68.6,203,989,59,0,0
2027,2025-09,2025-09-17,Hyderabad,Prepaid,Unlimited,5G,33.9,270,1034,47,0,0
2028,2025-09,2025-09-10,Chennai,Prepaid,Standard,5G,12.5,170,401,9,0,1
2029,2025-09,2025-09-03,Pune,Postpaid,Basic,5G,2.2,189,252,22,0,0
2030,2025-09,2025-09-07,Pune,Postpaid,Basic,5G,2.1,123,252,55,0,1
2031,2025-09,2025-09-21,Delhi,Prepaid,Standard,5G,18.8,185,401,14,0,1
2032,2025-09,2025-09-27,Mumbai,Prepaid,Standard,4G,7.9,209,349,45,0,0
2033,2025-09,2025-09-24,Mumbai,Prepaid,Basic,4G,2.2,99,199,29,0,0
2034,2025-09,2025-09-04,Mumbai,Postpaid,Standard,5G,9.2,214,441,7,0,2
2035,2025-09,2025-09-25,Bengaluru,Postpaid,Premium,4G,21.1,136,659,48,0,0
2036,2025-09,2025-09-02,Kolkata,Prepaid,Basic,5G,4.2,68,229,47,0,1
2037,2025-09,2025-09-21,Mumbai,Postpaid,Standard,5G,12.7,149,441,52,0,0
2038,2025-09,2025-09-07,Kolkata,Postpaid,Basic,4G,4.7,117,219,37,0,0
2039,2025-09,2025-09-26,Mumbai,Prepaid,Basic,4G,1.0,153,199,47,0,0
2040,2025-09,2025-09-15,Chennai,Prepaid,Basic,5G,6.7,62,229,14,1,0
2041,2025-09,2025-09-27,Kolkata,Postpaid,Unlimited,5G,46.6,266,1137,59,0,0
2042,2025-09,2025-09-20,Mumbai,Prepaid,Standard,4G,14.4,228,349,22,0,0
2043,2025-09,2025-09-07,Pune,Postpaid,Basic,4G,6.5,77,219,17,0,1
2044,2025-09,2025-09-09,Delhi,Prepaid,Unlimited,4G,65.1,206,899,57,0,0
2045,2025-09,2025-09-17,Kolkata,Prepaid,Basic,5G,7.0,172,229,47,0,0
2046,2025-09,2025-09-14,Pune,Prepaid,Basic,5G,6.1,166,229,18,1,1
2047,2025-09,2025-09-21,Pune,Postpaid,Unlimited,4G,37.9,224,989,57,0,0
2048,2025-09,2025-09-11,Pune,Prepaid,Premium,5G,20.4,208,689,35,0,0
2049,2025-09,2025-09-23,Bengaluru,Postpaid,Basic,4G,3.0,138,219,37,1,0
2050,2025-09,2025-09-12,Delhi,Postpaid,Premium,5G,15.4,220,758,16,0,0
2051,2025-09,2025-09-01,Delhi,Prepaid,Basic,4G,5.3,180,199,14,0,0
2052,2025-09,2025-09-01,Hyderabad,Prepaid,Standard,4G,10.0,136,349,2,0,0
2053,2025-09,2025-09-10,Bengaluru,Postpaid,Standard,4G,8.0,256,384,56,0,0
2054,2025-09,2025-09-09,Pune,Corporate,Basic,4G,7.8,95,249,2,0,0
2055,2025-09,2025-09-02,Delhi,Postpaid,Premium,4G,25.4,105,659,10,0,0
2056,2025-09,2025-09-09,Delhi,Prepaid,Standard,5G,14.1,147,401,39,0,1
2057,2025-09,2025-09-27,Pune,Prepaid,Standard,4G,14.7,239,349,48,0,0
2058,2025-09,2025-09-19,Pune,Postpaid,Premium,5G,18.2,230,758,10,0,0
2059,2025-09,2025-09-19,Mumbai,Postpaid,Basic,4G,5.9,76,219,49,0,1
2060,2025-09,2025-09-10,Mumbai,Corporate,Standard,5G,7.8,264,502,32,0,0
3000,2025-09,2025-09-20,Chennai,Postpaid,Standard,2G,0.0,223,151,2,0,3
3001,2025-09,2025-09-20,Delhi,Postpaid,Standard,2G,0.0,239,136,14,1,1
3010,2025-09,2025-09-25,Mumbai,Postpaid,Standard,4G,29.8,188,262,48,1,0
3011,2025-09,2025-09-25,Delhi,Corporate,Unlimited,4G,4.7,180,282,55,0,0
3012,2025-09,2025-09-25,Bengaluru,Prepaid,Standard,5G,7.8,277,783,16,0,0
3013,2025-09,2025-09-25,Kolkata,Corporate,Premium,5G,11.8,233,521,16,1,3
3014,2025-09,2025-09-25,Mumbai,Corporate,Premium,5G,17.2,242,274,1,1,0
3015,2025-09,2025-09-25,Delhi,Corporate,Standard,5G,8.4,139,270,57,0,2
3016,2025-09,2025-09-25,Chennai,Prepaid,Unlimited,5G,31.4,256,869,34,0,2
3017,2025-09,2025-09-25,Hyderabad,Prepaid,Standard,5G,7.5,77,960,36,0,2
